<ImportExportXml version="9.2.23113.198" SolutionPackageVersion="9.2" languagecode="1033" generatedBy="CrmLive" xmlns:xsi="http://www.w3.org/2001/XMLSchema-instance">
  <SolutionManifest>
    <UniqueName>JustAskIt</UniqueName>
    <LocalizedNames>
      <LocalizedName description="JustAskIt" languagecode="1033" />
    </LocalizedNames>
    <Descriptions />
    <Version>1.0.0.1</Version>
    <Managed>0</Managed>
    <Publisher>
      <UniqueName>ANS</UniqueName>
      <LocalizedNames>
        <LocalizedName description="ans" languagecode="1033" />
      </LocalizedNames>
      <Descriptions />
      <EMailAddress xsi:nil="true"></EMailAddress>
      <SupportingWebsiteUrl xsi:nil="true"></SupportingWebsiteUrl>
      <CustomizationPrefix>ans</CustomizationPrefix>
      <CustomizationOptionValuePrefix>74966</CustomizationOptionValuePrefix>
      <Addresses>
        <Address>
          <AddressNumber>1</AddressNumber>
          <AddressTypeCode>1</AddressTypeCode>
          <City xsi:nil="true"></City>
          <County xsi:nil="true"></County>
          <Country xsi:nil="true"></Country>
          <Fax xsi:nil="true"></Fax>
          <FreightTermsCode xsi:nil="true"></FreightTermsCode>
          <ImportSequenceNumber xsi:nil="true"></ImportSequenceNumber>
          <Latitude xsi:nil="true"></Latitude>
          <Line1 xsi:nil="true"></Line1>
          <Line2 xsi:nil="true"></Line2>
          <Line3 xsi:nil="true"></Line3>
          <Longitude xsi:nil="true"></Longitude>
          <Name xsi:nil="true"></Name>
          <PostalCode xsi:nil="true"></PostalCode>
          <PostOfficeBox xsi:nil="true"></PostOfficeBox>
          <PrimaryContactName xsi:nil="true"></PrimaryContactName>
          <ShippingMethodCode>1</ShippingMethodCode>
          <StateOrProvince xsi:nil="true"></StateOrProvince>
          <Telephone1 xsi:nil="true"></Telephone1>
          <Telephone2 xsi:nil="true"></Telephone2>
          <Telephone3 xsi:nil="true"></Telephone3>
          <TimeZoneRuleVersionNumber xsi:nil="true"></TimeZoneRuleVersionNumber>
          <UPSZone xsi:nil="true"></UPSZone>
          <UTCOffset xsi:nil="true"></UTCOffset>
          <UTCConversionTimeZoneCode xsi:nil="true"></UTCConversionTimeZoneCode>
        </Address>
        <Address>
          <AddressNumber>2</AddressNumber>
          <AddressTypeCode>1</AddressTypeCode>
          <City xsi:nil="true"></City>
          <County xsi:nil="true"></County>
          <Country xsi:nil="true"></Country>
          <Fax xsi:nil="true"></Fax>
          <FreightTermsCode xsi:nil="true"></FreightTermsCode>
          <ImportSequenceNumber xsi:nil="true"></ImportSequenceNumber>
          <Latitude xsi:nil="true"></Latitude>
          <Line1 xsi:nil="true"></Line1>
          <Line2 xsi:nil="true"></Line2>
          <Line3 xsi:nil="true"></Line3>
          <Longitude xsi:nil="true"></Longitude>
          <Name xsi:nil="true"></Name>
          <PostalCode xsi:nil="true"></PostalCode>
          <PostOfficeBox xsi:nil="true"></PostOfficeBox>
          <PrimaryContactName xsi:nil="true"></PrimaryContactName>
          <ShippingMethodCode>1</ShippingMethodCode>
          <StateOrProvince xsi:nil="true"></StateOrProvince>
          <Telephone1 xsi:nil="true"></Telephone1>
          <Telephone2 xsi:nil="true"></Telephone2>
          <Telephone3 xsi:nil="true"></Telephone3>
          <TimeZoneRuleVersionNumber xsi:nil="true"></TimeZoneRuleVersionNumber>
          <UPSZone xsi:nil="true"></UPSZone>
          <UTCOffset xsi:nil="true"></UTCOffset>
          <UTCConversionTimeZoneCode xsi:nil="true"></UTCConversionTimeZoneCode>
        </Address>
      </Addresses>
    </Publisher>
    <RootComponents>
      <RootComponent type="1" schemaName="ans_feedback" behavior="0" />
      <RootComponent type="1" schemaName="ans_model" behavior="0" />
      <RootComponent type="1" schemaName="ans_parameter" behavior="0" />
      <RootComponent type="1" schemaName="ans_parametervalue" behavior="0" />
      <RootComponent type="1" schemaName="ans_prompt" behavior="0" />
      <RootComponent type="1" schemaName="ans_promptrule" behavior="0" />
      <RootComponent type="1" schemaName="ans_request" behavior="0" />
      <RootComponent type="1" schemaName="ans_requesttype" behavior="0" />
      <RootComponent type="1" schemaName="ans_response" behavior="0" />
      <RootComponent type="1" schemaName="ans_rule" behavior="0" />
      <RootComponent type="1" schemaName="ans_upload" behavior="0" />
      <RootComponent type="9" schemaName="ans_promptfeedbackratingchoice" behavior="0" />
      <RootComponent type="29" id="{61df065d-207b-ee11-8179-002248004ea0}" behavior="0" />
      <RootComponent type="29" id="{6f59635b-a680-ee11-8179-002248004ea0}" behavior="0" />
      <RootComponent type="29" id="{e57de9d1-cf7b-ee11-8179-0022480040a1}" behavior="0" />
      <RootComponent type="61" schemaName="ans_chartdisplay" behavior="0" />
      <RootComponent type="61" schemaName="ans_disclaimer" behavior="0" />
      <RootComponent type="61" schemaName="ans_feedback" behavior="0" />
      <RootComponent type="61" schemaName="ans_prompt" behavior="0" />
      <RootComponent type="61" schemaName="ans_request" behavior="0" />
      <RootComponent type="61" schemaName="ans_response" behavior="0" />
      <RootComponent type="61" schemaName="ans_rule" behavior="0" />
      <RootComponent type="61" schemaName="crbe6_response_form_script" behavior="0" />
      <RootComponent type="62" schemaName="ans_PromptandResponse" behavior="0" />
      <RootComponent type="80" schemaName="ans_PromptandResponse" behavior="0" />
      <RootComponent type="300" schemaName="ans_newrequest_91694" behavior="0" />
      <RootComponent type="300" schemaName="ans_promptandresponsedefaultcommandlibrary_acf5f" behavior="0" />
      <RootComponent type="372" id="{22be469a-b40e-4e25-87c2-5b9a78caa96a}" schemaName="ans_azure-20open-20ai-20chat-2dgpt-20model" behavior="0" />
    </RootComponents>
    <MissingDependencies>
      <MissingDependency>
        <Required type="300" schemaName="ans_anscomponentlibraryheadersfooters_83614" displayName="ANS Component Library - Headers &amp; Footers" solution="Active" />
        <Dependent type="300" schemaName="ans_newrequest_91694" displayName="New Request" />
      </MissingDependency>
      <MissingDependency>
        <Required type="300" schemaName="cr0a0_ansformscomponentlibrary_41d2f" displayName="ANS - Forms Component Library" solution="Active" />
        <Dependent type="300" schemaName="ans_newrequest_91694" displayName="New Request" />
      </MissingDependency>
      <MissingDependency>
        <Required type="61" schemaName="msdyn_/Images/AppModule_Default_Icon.png" displayName="msdyn_/Images/AppModule_Default_Icon.png" solution="AppModuleWebResources (2.5)" />
        <Dependent type="80" schemaName="ans_PromptandResponse" displayName="JustAskIt" />
      </MissingDependency>
      <MissingDependency>
        <Required type="66" schemaName="MscrmControls.FieldControls.ToggleControl" displayName="MscrmControls.FieldControls.ToggleControl" solution="BaseCustomControlsCore (9.0.2311.3024)" />
        <Dependent type="60" displayName="Information" parentDisplayName="Prompt" id="{cf325c6b-8f58-48a0-9598-2159ae39a33f}" />
      </MissingDependency>
      <MissingDependency>
        <Required type="connectionreference" displayName="new_sharedopenaigpt4ip_d02bc" solution="Active" id.connectionreferencelogicalname="new_sharedopenaigpt4ip_d02bc" />
        <Dependent type="29" displayName="Prompt and Response" id="{61df065d-207b-ee11-8179-002248004ea0}" />
      </MissingDependency>
    </MissingDependencies>
  </SolutionManifest>
</ImportExportXml>