{
  "properties": {
    "connectionReferences": {
      "shared_commondataserviceforapps": {
        "runtimeSource": "embedded",
        "connection": {
          "connectionReferenceLogicalName": "ans_sharedcommondataserviceforapps_74c65"
        },
        "api": {
          "name": "shared_commondataserviceforapps"
        }
      },
      "shared_azureblob_1": {
        "runtimeSource": "embedded",
        "connection": {
          "connectionReferenceLogicalName": "ans_sharedazureblob_3ae45"
        },
        "api": {
          "name": "shared_azureblob"
        }
      }
    },
    "definition": {
      "$schema": "https://schema.management.azure.com/providers/Microsoft.Logic/schemas/2016-06-01/workflowdefinition.json#",
      "contentVersion": "1.0.0.0",
      "parameters": {
        "$connections": {
          "defaultValue": {},
          "type": "Object"
        },
        "$authentication": {
          "defaultValue": {},
          "type": "SecureObject"
        }
      },
      "triggers": {
        "When_a_row_is_added,_modified_or_deleted": {
          "metadata": {
            "operationMetadataId": "568216c6-c372-4221-b20e-b0d4f0dedcd6"
          },
          "type": "OpenApiConnectionWebhook",
          "inputs": {
            "host": {
              "connectionName": "shared_commondataserviceforapps",
              "operationId": "SubscribeWebhookTrigger",
              "apiId": "/providers/Microsoft.PowerApps/apis/shared_commondataserviceforapps"
            },
            "parameters": {
              "subscriptionRequest/message": 3,
              "subscriptionRequest/entityname": "ans_upload",
              "subscriptionRequest/scope": 4,
              "subscriptionRequest/filteringattributes": "ans_file"
            },
            "authentication": "@parameters('$authentication')"
          }
        }
      },
      "actions": {
        "Create_blob_(V2)": {
          "runAfter": {
            "Download_a_file_or_an_image": [
              "Succeeded"
            ]
          },
          "metadata": {
            "operationMetadataId": "b4240fe8-1ea7-4d1c-a158-e6a676a9dc34"
          },
          "type": "OpenApiConnection",
          "inputs": {
            "host": {
              "connectionName": "shared_azureblob_1",
              "operationId": "CreateFile_V2",
              "apiId": "/providers/Microsoft.PowerApps/apis/shared_azureblob"
            },
            "parameters": {
              "dataset": "AccountNameFromSettings",
              "folderPath": "/test",
              "name": "@triggerOutputs()?['body/ans_filename']",
              "body": "@body('Download_a_file_or_an_image')"
            },
            "authentication": "@parameters('$authentication')"
          },
          "runtimeConfiguration": {
            "contentTransfer": {
              "transferMode": "Chunked"
            }
          }
        },
        "Download_a_file_or_an_image": {
          "runAfter": {},
          "metadata": {
            "operationMetadataId": "4be53d7b-5805-4ac5-afd6-04196674226b"
          },
          "type": "OpenApiConnection",
          "inputs": {
            "host": {
              "connectionName": "shared_commondataserviceforapps",
              "operationId": "GetEntityFileImageFieldContent",
              "apiId": "/providers/Microsoft.PowerApps/apis/shared_commondataserviceforapps"
            },
            "parameters": {
              "entityName": "ans_uploads",
              "recordId": "@triggerOutputs()?['body/ans_uploadid']",
              "fileImageFieldName": "ans_file"
            },
            "authentication": "@parameters('$authentication')"
          }
        }
      }
    },
    "templateName": null
  },
  "schemaVersion": "1.0.0.0"
}