<entities >
  <entity name="ans_model" displayname="Model" etc="10630" primaryidfield="ans_modelid" primarynamefield="ans_modelname" disableplugins="false">
    <fields>
      <field displayname="Capability" name="ans_capability" type="optionsetvalue" customfield="true" />
      <field displayname="Created By" name="createdby" type="entityreference" lookupType="systemuser" />
      <field displayname="Created By (Delegate)" name="createdonbehalfby" type="entityreference" lookupType="systemuser" />
      <field displayname="Created On" name="createdon" type="datetime" />
      <field displayname="Import Sequence Number" name="importsequencenumber" type="number" />
      <field displayname="Input Token Cost ($)" name="ans_inputtokencost" type="decimal" customfield="true" />
      <field displayname="Model" name="ans_modelid" type="guid" primaryKey="true" />
      <field displayname="Model Name" name="ans_modelname" type="string" customfield="true" />
      <field displayname="Modified By" name="modifiedby" type="entityreference" lookupType="systemuser" />
      <field displayname="Modified By (Delegate)" name="modifiedonbehalfby" type="entityreference" lookupType="systemuser" />
      <field displayname="Modified On" name="modifiedon" type="datetime" />
      <field displayname="Output Token Cost" name="ans_outputtokencost" type="decimal" customfield="true" />
      <field displayname="Owner" name="ownerid" type="owner" />
      <field displayname="Owning Business Unit" name="owningbusinessunit" type="entityreference" lookupType="businessunit" />
      <field displayname="Owning Team" name="owningteam" type="entityreference" lookupType="team" />
      <field displayname="Owning User" name="owninguser" type="entityreference" lookupType="systemuser" />
      <field displayname="Record Created On" name="overriddencreatedon" type="datetime" />
      <field displayname="Status" name="statecode" type="state" />
      <field displayname="Status Reason" name="statuscode" type="status" />
      <field displayname="Time Zone Rule Version Number" name="timezoneruleversionnumber" type="number" />
      <field displayname="Token Limit" name="jai_tokenlimit" type="number" customfield="true" />
      <field displayname="UTC Conversion Time Zone Code" name="utcconversiontimezonecode" type="number" />
      <field displayname="Version Number" name="versionnumber" type="bigint" />
    </fields>
    <relationships />
  </entity>
  <entity name="ans_prompt" displayname="Prompt" etc="10281" primaryidfield="ans_promptid" primarynamefield="ans_promptref" disableplugins="false">
    <fields>
      <field displayname="Context" name="ans_context" type="string" customfield="true" />
      <field displayname="Create ERD" name="ans_createerd" type="bool" customfield="true" />
      <field displayname="Created By" name="createdby" type="entityreference" lookupType="systemuser" />
      <field displayname="Created By (Delegate)" name="createdonbehalfby" type="entityreference" lookupType="systemuser" />
      <field displayname="Created On" name="createdon" type="datetime" />
      <field displayname="Import Sequence Number" name="importsequencenumber" type="number" />
      <field displayname="Model" name="ans_model" type="entityreference" lookupType="ans_model" customfield="true" />
      <field displayname="Modified By" name="modifiedby" type="entityreference" lookupType="systemuser" />
      <field displayname="Modified By (Delegate)" name="modifiedonbehalfby" type="entityreference" lookupType="systemuser" />
      <field displayname="Modified On" name="modifiedon" type="datetime" />
      <field displayname="Owner" name="ownerid" type="owner" />
      <field displayname="Owning Business Unit" name="owningbusinessunit" type="entityreference" lookupType="businessunit" />
      <field displayname="Owning Team" name="owningteam" type="entityreference" lookupType="team" />
      <field displayname="Owning User" name="owninguser" type="entityreference" lookupType="systemuser" />
      <field displayname="Prompt" name="ans_promptid" type="guid" primaryKey="true" />
      <field displayname="Prompt Ref" name="ans_promptref" type="string" customfield="true" />
      <field displayname="Prompt Type" name="ans_prompttype" type="entityreference" lookupType="ans_requesttype" customfield="true" />
      <field displayname="Purpose" name="ans_purpose" type="string" customfield="true" />
      <field displayname="Record Created On" name="overriddencreatedon" type="datetime" />
      <field displayname="Request" name="ans_request" type="entityreference" lookupType="ans_request" customfield="true" />
      <field displayname="Status" name="statecode" type="state" />
      <field displayname="Status Reason" name="statuscode" type="status" />
      <field displayname="Submit Prompt" name="ans_submitprompt" type="bool" customfield="true" />
      <field displayname="Time Zone Rule Version Number" name="timezoneruleversionnumber" type="number" />
      <field displayname="UTC Conversion Time Zone Code" name="utcconversiontimezonecode" type="number" />
      <field displayname="Version Number" name="versionnumber" type="bigint" />
    </fields>
    <relationships />
  </entity>
  <entity name="ans_request" displayname="Request" etc="10578" primaryidfield="ans_requestid" primarynamefield="ans_requestname" disableplugins="false">
    <fields>
      <field displayname="Created By" name="createdby" type="entityreference" lookupType="systemuser" />
      <field displayname="Created By (Delegate)" name="createdonbehalfby" type="entityreference" lookupType="systemuser" />
      <field displayname="Created On" name="createdon" type="datetime" />
      <field displayname="Currency" name="transactioncurrencyid" type="entityreference" lookupType="transactioncurrency" />
      <field displayname="Exchange Rate" name="exchangerate" type="decimal" />
      <field displayname="Import Sequence Number" name="importsequencenumber" type="number" />
      <field displayname="Modified By" name="modifiedby" type="entityreference" lookupType="systemuser" />
      <field displayname="Modified By (Delegate)" name="modifiedonbehalfby" type="entityreference" lookupType="systemuser" />
      <field displayname="Modified On" name="modifiedon" type="datetime" />
      <field displayname="Owner" name="ownerid" type="owner" />
      <field displayname="Owning Business Unit" name="owningbusinessunit" type="entityreference" lookupType="businessunit" />
      <field displayname="Owning Team" name="owningteam" type="entityreference" lookupType="team" />
      <field displayname="Owning User" name="owninguser" type="entityreference" lookupType="systemuser" />
      <field displayname="Parent Prompt" name="jai_parentprompt" type="entityreference" lookupType="jai_parentprompt" customfield="true" />
      <field displayname="Prompt" name="ans_prompt" type="entityreference" lookupType="ans_prompt" customfield="true" />
      <field displayname="Record Created On" name="overriddencreatedon" type="datetime" />
      <field displayname="Request" name="ans_requestid" type="guid" primaryKey="true" />
      <field displayname="Request Name" name="ans_requestname" type="string" customfield="true" />
      <field displayname="Request Processed" name="ans_requestprocessed" type="bool" customfield="true" />
      <field displayname="Request Type" name="ans_requesttype" type="entityreference" lookupType="ans_requesttype" customfield="true" />
      <field displayname="Send Request" name="ans_sendrequest" type="bool" customfield="true" />
      <field displayname="Status" name="statecode" type="state" />
      <field displayname="Status Reason" name="statuscode" type="status" />
      <field displayname="Temperature" name="ans_temperature" type="decimal" customfield="true" />
      <field displayname="Time Zone Rule Version Number" name="timezoneruleversionnumber" type="number" />
      <field displayname="UTC Conversion Time Zone Code" name="utcconversiontimezonecode" type="number" />
      <field displayname="Version Number" name="versionnumber" type="bigint" />
    </fields>
    <relationships />
  </entity>
  <entity name="ans_response" displayname="Response" etc="10473" primaryidfield="ans_responseid" primarynamefield="ans_responseref" disableplugins="false">
    <fields>
      <field displayname="Created By" name="createdby" type="entityreference" lookupType="systemuser" />
      <field displayname="Created By (Delegate)" name="createdonbehalfby" type="entityreference" lookupType="systemuser" />
      <field displayname="Created On" name="createdon" type="datetime" />
      <field displayname="Currency" name="transactioncurrencyid" type="entityreference" lookupType="transactioncurrency" />
      <field displayname="Exchange Rate" name="exchangerate" type="decimal" />
      <field displayname="Import Sequence Number" name="importsequencenumber" type="number" />
      <field displayname="Memaid JS code" name="ans_memaidjscode" type="string" customfield="true" />
      <field displayname="Modified By" name="modifiedby" type="entityreference" lookupType="systemuser" />
      <field displayname="Modified By (Delegate)" name="modifiedonbehalfby" type="entityreference" lookupType="systemuser" />
      <field displayname="Modified On" name="modifiedon" type="datetime" />
      <field displayname="Owner" name="ownerid" type="owner" />
      <field displayname="Owning Business Unit" name="owningbusinessunit" type="entityreference" lookupType="businessunit" />
      <field displayname="Owning Team" name="owningteam" type="entityreference" lookupType="team" />
      <field displayname="Owning User" name="owninguser" type="entityreference" lookupType="systemuser" />
      <field displayname="Prompt" name="ans_prompt" type="entityreference" lookupType="ans_prompt" customfield="true" />
      <field displayname="Record Created On" name="overriddencreatedon" type="datetime" />
      <field displayname="Request" name="ans_request" type="entityreference" lookupType="ans_request" customfield="true" />
      <field displayname="Response" name="ans_responseid" type="guid" primaryKey="true" />
      <field displayname="Response Ref" name="ans_responseref" type="string" customfield="true" />
      <field displayname="Response Text" name="ans_responsetext" type="string" customfield="true" />
      <field displayname="Status" name="statecode" type="state" />
      <field displayname="Status Reason" name="statuscode" type="status" />
      <field displayname="Time Zone Rule Version Number" name="timezoneruleversionnumber" type="number" />
      <field displayname="Token Cost" name="ans_tokencost" type="money" customfield="true" />
      <field displayname="Token Cost (Base)" name="ans_tokencost_base" type="money" customfield="true" />
      <field displayname="Total Tokens" name="ans_totaltokens" type="number" customfield="true" />
      <field displayname="UTC Conversion Time Zone Code" name="utcconversiontimezonecode" type="number" />
      <field displayname="Version Number" name="versionnumber" type="bigint" />
    </fields>
    <relationships />
  </entity>
</entities>